,imgs,masks
0,/storage/workspaces/artorg_aimi/ws_00000/Negin/RETOUCH/img_dataset2/RETOUCH-TrainingSet-Spectralis/imgs_IRF/TRAIN029_17.png,/storage/workspaces/artorg_aimi/ws_00000/Negin/RETOUCH/img_dataset2/RETOUCH-TrainingSet-Spectralis/IRF/TRAIN029_17.png
1,/storage/workspaces/artorg_aimi/ws_00000/Negin/RETOUCH/img_dataset2/RETOUCH-TrainingSet-Spectralis/imgs_IRF/TRAIN025_31.png,/storage/workspaces/artorg_aimi/ws_00000/Negin/RETOUCH/img_dataset2/RETOUCH-TrainingSet-Spectralis/IRF/TRAIN025_31.png
2,/storage/workspaces/artorg_aimi/ws_00000/Negin/RETOUCH/img_dataset2/RETOUCH-TrainingSet-Spectralis/imgs_IRF/TRAIN030_24.png,/storage/workspaces/artorg_aimi/ws_00000/Negin/RETOUCH/img_dataset2/RETOUCH-TrainingSet-Spectralis/IRF/TRAIN030_24.png
3,/storage/workspaces/artorg_aimi/ws_00000/Negin/RETOUCH/img_dataset2/RETOUCH-TrainingSet-Spectralis/imgs_IRF/TRAIN029_26.png,/storage/workspaces/artorg_aimi/ws_00000/Negin/RETOUCH/img_dataset2/RETOUCH-TrainingSet-Spectralis/IRF/TRAIN029_26.png
4,/storage/workspaces/artorg_aimi/ws_00000/Negin/RETOUCH/img_dataset2/RETOUCH-TrainingSet-Spectralis/imgs_IRF/TRAIN027_38.png,/storage/workspaces/artorg_aimi/ws_00000/Negin/RETOUCH/img_dataset2/RETOUCH-TrainingSet-Spectralis/IRF/TRAIN027_38.png
5,/storage/workspaces/artorg_aimi/ws_00000/Negin/RETOUCH/img_dataset2/RETOUCH-TrainingSet-Spectralis/imgs_IRF/TRAIN029_31.png,/storage/workspaces/artorg_aimi/ws_00000/Negin/RETOUCH/img_dataset2/RETOUCH-TrainingSet-Spectralis/IRF/TRAIN029_31.png
6,/storage/workspaces/artorg_aimi/ws_00000/Negin/RETOUCH/img_dataset2/RETOUCH-TrainingSet-Spectralis/imgs_IRF/TRAIN030_18.png,/storage/workspaces/artorg_aimi/ws_00000/Negin/RETOUCH/img_dataset2/RETOUCH-TrainingSet-Spectralis/IRF/TRAIN030_18.png
7,/storage/workspaces/artorg_aimi/ws_00000/Negin/RETOUCH/img_dataset2/RETOUCH-TrainingSet-Spectralis/imgs_IRF/TRAIN027_10.png,/storage/workspaces/artorg_aimi/ws_00000/Negin/RETOUCH/img_dataset2/RETOUCH-TrainingSet-Spectralis/IRF/TRAIN027_10.png
8,/storage/workspaces/artorg_aimi/ws_00000/Negin/RETOUCH/img_dataset2/RETOUCH-TrainingSet-Spectralis/imgs_IRF/TRAIN027_32.png,/storage/workspaces/artorg_aimi/ws_00000/Negin/RETOUCH/img_dataset2/RETOUCH-TrainingSet-Spectralis/IRF/TRAIN027_32.png
9,/storage/workspaces/artorg_aimi/ws_00000/Negin/RETOUCH/img_dataset2/RETOUCH-TrainingSet-Spectralis/imgs_IRF/TRAIN030_23.png,/storage/workspaces/artorg_aimi/ws_00000/Negin/RETOUCH/img_dataset2/RETOUCH-TrainingSet-Spectralis/IRF/TRAIN030_23.png
10,/storage/workspaces/artorg_aimi/ws_00000/Negin/RETOUCH/img_dataset2/RETOUCH-TrainingSet-Spectralis/imgs_IRF/TRAIN025_30.png,/storage/workspaces/artorg_aimi/ws_00000/Negin/RETOUCH/img_dataset2/RETOUCH-TrainingSet-Spectralis/IRF/TRAIN025_30.png
11,/storage/workspaces/artorg_aimi/ws_00000/Negin/RETOUCH/img_dataset2/RETOUCH-TrainingSet-Spectralis/imgs_IRF/TRAIN029_30.png,/storage/workspaces/artorg_aimi/ws_00000/Negin/RETOUCH/img_dataset2/RETOUCH-TrainingSet-Spectralis/IRF/TRAIN029_30.png
12,/storage/workspaces/artorg_aimi/ws_00000/Negin/RETOUCH/img_dataset2/RETOUCH-TrainingSet-Spectralis/imgs_IRF/TRAIN027_7.png,/storage/workspaces/artorg_aimi/ws_00000/Negin/RETOUCH/img_dataset2/RETOUCH-TrainingSet-Spectralis/IRF/TRAIN027_7.png
13,/storage/workspaces/artorg_aimi/ws_00000/Negin/RETOUCH/img_dataset2/RETOUCH-TrainingSet-Spectralis/imgs_IRF/TRAIN030_30.png,/storage/workspaces/artorg_aimi/ws_00000/Negin/RETOUCH/img_dataset2/RETOUCH-TrainingSet-Spectralis/IRF/TRAIN030_30.png
14,/storage/workspaces/artorg_aimi/ws_00000/Negin/RETOUCH/img_dataset2/RETOUCH-TrainingSet-Spectralis/imgs_IRF/TRAIN025_15.png,/storage/workspaces/artorg_aimi/ws_00000/Negin/RETOUCH/img_dataset2/RETOUCH-TrainingSet-Spectralis/IRF/TRAIN025_15.png
15,/storage/workspaces/artorg_aimi/ws_00000/Negin/RETOUCH/img_dataset2/RETOUCH-TrainingSet-Spectralis/imgs_IRF/TRAIN025_7.png,/storage/workspaces/artorg_aimi/ws_00000/Negin/RETOUCH/img_dataset2/RETOUCH-TrainingSet-Spectralis/IRF/TRAIN025_7.png
16,/storage/workspaces/artorg_aimi/ws_00000/Negin/RETOUCH/img_dataset2/RETOUCH-TrainingSet-Spectralis/imgs_IRF/TRAIN025_20.png,/storage/workspaces/artorg_aimi/ws_00000/Negin/RETOUCH/img_dataset2/RETOUCH-TrainingSet-Spectralis/IRF/TRAIN025_20.png
17,/storage/workspaces/artorg_aimi/ws_00000/Negin/RETOUCH/img_dataset2/RETOUCH-TrainingSet-Spectralis/imgs_IRF/TRAIN029_28.png,/storage/workspaces/artorg_aimi/ws_00000/Negin/RETOUCH/img_dataset2/RETOUCH-TrainingSet-Spectralis/IRF/TRAIN029_28.png
18,/storage/workspaces/artorg_aimi/ws_00000/Negin/RETOUCH/img_dataset2/RETOUCH-TrainingSet-Spectralis/imgs_IRF/TRAIN025_16.png,/storage/workspaces/artorg_aimi/ws_00000/Negin/RETOUCH/img_dataset2/RETOUCH-TrainingSet-Spectralis/IRF/TRAIN025_16.png
19,/storage/workspaces/artorg_aimi/ws_00000/Negin/RETOUCH/img_dataset2/RETOUCH-TrainingSet-Spectralis/imgs_IRF/TRAIN027_18.png,/storage/workspaces/artorg_aimi/ws_00000/Negin/RETOUCH/img_dataset2/RETOUCH-TrainingSet-Spectralis/IRF/TRAIN027_18.png
20,/storage/workspaces/artorg_aimi/ws_00000/Negin/RETOUCH/img_dataset2/RETOUCH-TrainingSet-Spectralis/imgs_IRF/TRAIN025_23.png,/storage/workspaces/artorg_aimi/ws_00000/Negin/RETOUCH/img_dataset2/RETOUCH-TrainingSet-Spectralis/IRF/TRAIN025_23.png
21,/storage/workspaces/artorg_aimi/ws_00000/Negin/RETOUCH/img_dataset2/RETOUCH-TrainingSet-Spectralis/imgs_IRF/TRAIN027_24.png,/storage/workspaces/artorg_aimi/ws_00000/Negin/RETOUCH/img_dataset2/RETOUCH-TrainingSet-Spectralis/IRF/TRAIN027_24.png
22,/storage/workspaces/artorg_aimi/ws_00000/Negin/RETOUCH/img_dataset2/RETOUCH-TrainingSet-Spectralis/imgs_IRF/TRAIN025_18.png,/storage/workspaces/artorg_aimi/ws_00000/Negin/RETOUCH/img_dataset2/RETOUCH-TrainingSet-Spectralis/IRF/TRAIN025_18.png
23,/storage/workspaces/artorg_aimi/ws_00000/Negin/RETOUCH/img_dataset2/RETOUCH-TrainingSet-Spectralis/imgs_IRF/TRAIN025_29.png,/storage/workspaces/artorg_aimi/ws_00000/Negin/RETOUCH/img_dataset2/RETOUCH-TrainingSet-Spectralis/IRF/TRAIN025_29.png
24,/storage/workspaces/artorg_aimi/ws_00000/Negin/RETOUCH/img_dataset2/RETOUCH-TrainingSet-Spectralis/imgs_IRF/TRAIN030_19.png,/storage/workspaces/artorg_aimi/ws_00000/Negin/RETOUCH/img_dataset2/RETOUCH-TrainingSet-Spectralis/IRF/TRAIN030_19.png
25,/storage/workspaces/artorg_aimi/ws_00000/Negin/RETOUCH/img_dataset2/RETOUCH-TrainingSet-Spectralis/imgs_IRF/TRAIN030_36.png,/storage/workspaces/artorg_aimi/ws_00000/Negin/RETOUCH/img_dataset2/RETOUCH-TrainingSet-Spectralis/IRF/TRAIN030_36.png
26,/storage/workspaces/artorg_aimi/ws_00000/Negin/RETOUCH/img_dataset2/RETOUCH-TrainingSet-Spectralis/imgs_IRF/TRAIN030_22.png,/storage/workspaces/artorg_aimi/ws_00000/Negin/RETOUCH/img_dataset2/RETOUCH-TrainingSet-Spectralis/IRF/TRAIN030_22.png
27,/storage/workspaces/artorg_aimi/ws_00000/Negin/RETOUCH/img_dataset2/RETOUCH-TrainingSet-Spectralis/imgs_IRF/TRAIN025_24.png,/storage/workspaces/artorg_aimi/ws_00000/Negin/RETOUCH/img_dataset2/RETOUCH-TrainingSet-Spectralis/IRF/TRAIN025_24.png
28,/storage/workspaces/artorg_aimi/ws_00000/Negin/RETOUCH/img_dataset2/RETOUCH-TrainingSet-Spectralis/imgs_IRF/TRAIN027_35.png,/storage/workspaces/artorg_aimi/ws_00000/Negin/RETOUCH/img_dataset2/RETOUCH-TrainingSet-Spectralis/IRF/TRAIN027_35.png
29,/storage/workspaces/artorg_aimi/ws_00000/Negin/RETOUCH/img_dataset2/RETOUCH-TrainingSet-Spectralis/imgs_IRF/TRAIN029_25.png,/storage/workspaces/artorg_aimi/ws_00000/Negin/RETOUCH/img_dataset2/RETOUCH-TrainingSet-Spectralis/IRF/TRAIN029_25.png
30,/storage/workspaces/artorg_aimi/ws_00000/Negin/RETOUCH/img_dataset2/RETOUCH-TrainingSet-Spectralis/imgs_IRF/TRAIN025_11.png,/storage/workspaces/artorg_aimi/ws_00000/Negin/RETOUCH/img_dataset2/RETOUCH-TrainingSet-Spectralis/IRF/TRAIN025_11.png
31,/storage/workspaces/artorg_aimi/ws_00000/Negin/RETOUCH/img_dataset2/RETOUCH-TrainingSet-Spectralis/imgs_IRF/TRAIN025_8.png,/storage/workspaces/artorg_aimi/ws_00000/Negin/RETOUCH/img_dataset2/RETOUCH-TrainingSet-Spectralis/IRF/TRAIN025_8.png
32,/storage/workspaces/artorg_aimi/ws_00000/Negin/RETOUCH/img_dataset2/RETOUCH-TrainingSet-Spectralis/imgs_IRF/TRAIN029_27.png,/storage/workspaces/artorg_aimi/ws_00000/Negin/RETOUCH/img_dataset2/RETOUCH-TrainingSet-Spectralis/IRF/TRAIN029_27.png
33,/storage/workspaces/artorg_aimi/ws_00000/Negin/RETOUCH/img_dataset2/RETOUCH-TrainingSet-Spectralis/imgs_IRF/TRAIN027_14.png,/storage/workspaces/artorg_aimi/ws_00000/Negin/RETOUCH/img_dataset2/RETOUCH-TrainingSet-Spectralis/IRF/TRAIN027_14.png
34,/storage/workspaces/artorg_aimi/ws_00000/Negin/RETOUCH/img_dataset2/RETOUCH-TrainingSet-Spectralis/imgs_IRF/TRAIN027_16.png,/storage/workspaces/artorg_aimi/ws_00000/Negin/RETOUCH/img_dataset2/RETOUCH-TrainingSet-Spectralis/IRF/TRAIN027_16.png
35,/storage/workspaces/artorg_aimi/ws_00000/Negin/RETOUCH/img_dataset2/RETOUCH-TrainingSet-Spectralis/imgs_IRF/TRAIN025_17.png,/storage/workspaces/artorg_aimi/ws_00000/Negin/RETOUCH/img_dataset2/RETOUCH-TrainingSet-Spectralis/IRF/TRAIN025_17.png
36,/storage/workspaces/artorg_aimi/ws_00000/Negin/RETOUCH/img_dataset2/RETOUCH-TrainingSet-Spectralis/imgs_IRF/TRAIN027_37.png,/storage/workspaces/artorg_aimi/ws_00000/Negin/RETOUCH/img_dataset2/RETOUCH-TrainingSet-Spectralis/IRF/TRAIN027_37.png
37,/storage/workspaces/artorg_aimi/ws_00000/Negin/RETOUCH/img_dataset2/RETOUCH-TrainingSet-Spectralis/imgs_IRF/TRAIN025_22.png,/storage/workspaces/artorg_aimi/ws_00000/Negin/RETOUCH/img_dataset2/RETOUCH-TrainingSet-Spectralis/IRF/TRAIN025_22.png
38,/storage/workspaces/artorg_aimi/ws_00000/Negin/RETOUCH/img_dataset2/RETOUCH-TrainingSet-Spectralis/imgs_IRF/TRAIN030_25.png,/storage/workspaces/artorg_aimi/ws_00000/Negin/RETOUCH/img_dataset2/RETOUCH-TrainingSet-Spectralis/IRF/TRAIN030_25.png
39,/storage/workspaces/artorg_aimi/ws_00000/Negin/RETOUCH/img_dataset2/RETOUCH-TrainingSet-Spectralis/imgs_IRF/TRAIN027_31.png,/storage/workspaces/artorg_aimi/ws_00000/Negin/RETOUCH/img_dataset2/RETOUCH-TrainingSet-Spectralis/IRF/TRAIN027_31.png
40,/storage/workspaces/artorg_aimi/ws_00000/Negin/RETOUCH/img_dataset2/RETOUCH-TrainingSet-Spectralis/imgs_IRF/TRAIN029_18.png,/storage/workspaces/artorg_aimi/ws_00000/Negin/RETOUCH/img_dataset2/RETOUCH-TrainingSet-Spectralis/IRF/TRAIN029_18.png
41,/storage/workspaces/artorg_aimi/ws_00000/Negin/RETOUCH/img_dataset2/RETOUCH-TrainingSet-Spectralis/imgs_IRF/TRAIN029_32.png,/storage/workspaces/artorg_aimi/ws_00000/Negin/RETOUCH/img_dataset2/RETOUCH-TrainingSet-Spectralis/IRF/TRAIN029_32.png
42,/storage/workspaces/artorg_aimi/ws_00000/Negin/RETOUCH/img_dataset2/RETOUCH-TrainingSet-Spectralis/imgs_IRF/TRAIN027_34.png,/storage/workspaces/artorg_aimi/ws_00000/Negin/RETOUCH/img_dataset2/RETOUCH-TrainingSet-Spectralis/IRF/TRAIN027_34.png
43,/storage/workspaces/artorg_aimi/ws_00000/Negin/RETOUCH/img_dataset2/RETOUCH-TrainingSet-Spectralis/imgs_IRF/TRAIN025_13.png,/storage/workspaces/artorg_aimi/ws_00000/Negin/RETOUCH/img_dataset2/RETOUCH-TrainingSet-Spectralis/IRF/TRAIN025_13.png
44,/storage/workspaces/artorg_aimi/ws_00000/Negin/RETOUCH/img_dataset2/RETOUCH-TrainingSet-Spectralis/imgs_IRF/TRAIN030_26.png,/storage/workspaces/artorg_aimi/ws_00000/Negin/RETOUCH/img_dataset2/RETOUCH-TrainingSet-Spectralis/IRF/TRAIN030_26.png
45,/storage/workspaces/artorg_aimi/ws_00000/Negin/RETOUCH/img_dataset2/RETOUCH-TrainingSet-Spectralis/imgs_IRF/TRAIN027_26.png,/storage/workspaces/artorg_aimi/ws_00000/Negin/RETOUCH/img_dataset2/RETOUCH-TrainingSet-Spectralis/IRF/TRAIN027_26.png
46,/storage/workspaces/artorg_aimi/ws_00000/Negin/RETOUCH/img_dataset2/RETOUCH-TrainingSet-Spectralis/imgs_IRF/TRAIN027_29.png,/storage/workspaces/artorg_aimi/ws_00000/Negin/RETOUCH/img_dataset2/RETOUCH-TrainingSet-Spectralis/IRF/TRAIN027_29.png
47,/storage/workspaces/artorg_aimi/ws_00000/Negin/RETOUCH/img_dataset2/RETOUCH-TrainingSet-Spectralis/imgs_IRF/TRAIN030_32.png,/storage/workspaces/artorg_aimi/ws_00000/Negin/RETOUCH/img_dataset2/RETOUCH-TrainingSet-Spectralis/IRF/TRAIN030_32.png
48,/storage/workspaces/artorg_aimi/ws_00000/Negin/RETOUCH/img_dataset2/RETOUCH-TrainingSet-Spectralis/imgs_IRF/TRAIN027_15.png,/storage/workspaces/artorg_aimi/ws_00000/Negin/RETOUCH/img_dataset2/RETOUCH-TrainingSet-Spectralis/IRF/TRAIN027_15.png
49,/storage/workspaces/artorg_aimi/ws_00000/Negin/RETOUCH/img_dataset2/RETOUCH-TrainingSet-Spectralis/imgs_IRF/TRAIN025_19.png,/storage/workspaces/artorg_aimi/ws_00000/Negin/RETOUCH/img_dataset2/RETOUCH-TrainingSet-Spectralis/IRF/TRAIN025_19.png
50,/storage/workspaces/artorg_aimi/ws_00000/Negin/RETOUCH/img_dataset2/RETOUCH-TrainingSet-Spectralis/imgs_IRF/TRAIN025_32.png,/storage/workspaces/artorg_aimi/ws_00000/Negin/RETOUCH/img_dataset2/RETOUCH-TrainingSet-Spectralis/IRF/TRAIN025_32.png
51,/storage/workspaces/artorg_aimi/ws_00000/Negin/RETOUCH/img_dataset2/RETOUCH-TrainingSet-Spectralis/imgs_IRF/TRAIN029_22.png,/storage/workspaces/artorg_aimi/ws_00000/Negin/RETOUCH/img_dataset2/RETOUCH-TrainingSet-Spectralis/IRF/TRAIN029_22.png
52,/storage/workspaces/artorg_aimi/ws_00000/Negin/RETOUCH/img_dataset2/RETOUCH-TrainingSet-Spectralis/imgs_IRF/TRAIN027_21.png,/storage/workspaces/artorg_aimi/ws_00000/Negin/RETOUCH/img_dataset2/RETOUCH-TrainingSet-Spectralis/IRF/TRAIN027_21.png
53,/storage/workspaces/artorg_aimi/ws_00000/Negin/RETOUCH/img_dataset2/RETOUCH-TrainingSet-Spectralis/imgs_IRF/TRAIN027_13.png,/storage/workspaces/artorg_aimi/ws_00000/Negin/RETOUCH/img_dataset2/RETOUCH-TrainingSet-Spectralis/IRF/TRAIN027_13.png
54,/storage/workspaces/artorg_aimi/ws_00000/Negin/RETOUCH/img_dataset2/RETOUCH-TrainingSet-Spectralis/imgs_IRF/TRAIN027_22.png,/storage/workspaces/artorg_aimi/ws_00000/Negin/RETOUCH/img_dataset2/RETOUCH-TrainingSet-Spectralis/IRF/TRAIN027_22.png
55,/storage/workspaces/artorg_aimi/ws_00000/Negin/RETOUCH/img_dataset2/RETOUCH-TrainingSet-Spectralis/imgs_IRF/TRAIN029_23.png,/storage/workspaces/artorg_aimi/ws_00000/Negin/RETOUCH/img_dataset2/RETOUCH-TrainingSet-Spectralis/IRF/TRAIN029_23.png
56,/storage/workspaces/artorg_aimi/ws_00000/Negin/RETOUCH/img_dataset2/RETOUCH-TrainingSet-Spectralis/imgs_IRF/TRAIN027_11.png,/storage/workspaces/artorg_aimi/ws_00000/Negin/RETOUCH/img_dataset2/RETOUCH-TrainingSet-Spectralis/IRF/TRAIN027_11.png
57,/storage/workspaces/artorg_aimi/ws_00000/Negin/RETOUCH/img_dataset2/RETOUCH-TrainingSet-Spectralis/imgs_IRF/TRAIN025_10.png,/storage/workspaces/artorg_aimi/ws_00000/Negin/RETOUCH/img_dataset2/RETOUCH-TrainingSet-Spectralis/IRF/TRAIN025_10.png
58,/storage/workspaces/artorg_aimi/ws_00000/Negin/RETOUCH/img_dataset2/RETOUCH-TrainingSet-Spectralis/imgs_IRF/TRAIN025_33.png,/storage/workspaces/artorg_aimi/ws_00000/Negin/RETOUCH/img_dataset2/RETOUCH-TrainingSet-Spectralis/IRF/TRAIN025_33.png
59,/storage/workspaces/artorg_aimi/ws_00000/Negin/RETOUCH/img_dataset2/RETOUCH-TrainingSet-Spectralis/imgs_IRF/TRAIN029_29.png,/storage/workspaces/artorg_aimi/ws_00000/Negin/RETOUCH/img_dataset2/RETOUCH-TrainingSet-Spectralis/IRF/TRAIN029_29.png
60,/storage/workspaces/artorg_aimi/ws_00000/Negin/RETOUCH/img_dataset2/RETOUCH-TrainingSet-Spectralis/imgs_IRF/TRAIN030_28.png,/storage/workspaces/artorg_aimi/ws_00000/Negin/RETOUCH/img_dataset2/RETOUCH-TrainingSet-Spectralis/IRF/TRAIN030_28.png
61,/storage/workspaces/artorg_aimi/ws_00000/Negin/RETOUCH/img_dataset2/RETOUCH-TrainingSet-Spectralis/imgs_IRF/TRAIN030_21.png,/storage/workspaces/artorg_aimi/ws_00000/Negin/RETOUCH/img_dataset2/RETOUCH-TrainingSet-Spectralis/IRF/TRAIN030_21.png
62,/storage/workspaces/artorg_aimi/ws_00000/Negin/RETOUCH/img_dataset2/RETOUCH-TrainingSet-Spectralis/imgs_IRF/TRAIN030_35.png,/storage/workspaces/artorg_aimi/ws_00000/Negin/RETOUCH/img_dataset2/RETOUCH-TrainingSet-Spectralis/IRF/TRAIN030_35.png
63,/storage/workspaces/artorg_aimi/ws_00000/Negin/RETOUCH/img_dataset2/RETOUCH-TrainingSet-Spectralis/imgs_IRF/TRAIN025_26.png,/storage/workspaces/artorg_aimi/ws_00000/Negin/RETOUCH/img_dataset2/RETOUCH-TrainingSet-Spectralis/IRF/TRAIN025_26.png
64,/storage/workspaces/artorg_aimi/ws_00000/Negin/RETOUCH/img_dataset2/RETOUCH-TrainingSet-Spectralis/imgs_IRF/TRAIN027_17.png,/storage/workspaces/artorg_aimi/ws_00000/Negin/RETOUCH/img_dataset2/RETOUCH-TrainingSet-Spectralis/IRF/TRAIN027_17.png
65,/storage/workspaces/artorg_aimi/ws_00000/Negin/RETOUCH/img_dataset2/RETOUCH-TrainingSet-Spectralis/imgs_IRF/TRAIN027_33.png,/storage/workspaces/artorg_aimi/ws_00000/Negin/RETOUCH/img_dataset2/RETOUCH-TrainingSet-Spectralis/IRF/TRAIN027_33.png
66,/storage/workspaces/artorg_aimi/ws_00000/Negin/RETOUCH/img_dataset2/RETOUCH-TrainingSet-Spectralis/imgs_IRF/TRAIN029_24.png,/storage/workspaces/artorg_aimi/ws_00000/Negin/RETOUCH/img_dataset2/RETOUCH-TrainingSet-Spectralis/IRF/TRAIN029_24.png
67,/storage/workspaces/artorg_aimi/ws_00000/Negin/RETOUCH/img_dataset2/RETOUCH-TrainingSet-Spectralis/imgs_IRF/TRAIN029_33.png,/storage/workspaces/artorg_aimi/ws_00000/Negin/RETOUCH/img_dataset2/RETOUCH-TrainingSet-Spectralis/IRF/TRAIN029_33.png
68,/storage/workspaces/artorg_aimi/ws_00000/Negin/RETOUCH/img_dataset2/RETOUCH-TrainingSet-Spectralis/imgs_IRF/TRAIN025_6.png,/storage/workspaces/artorg_aimi/ws_00000/Negin/RETOUCH/img_dataset2/RETOUCH-TrainingSet-Spectralis/IRF/TRAIN025_6.png
69,/storage/workspaces/artorg_aimi/ws_00000/Negin/RETOUCH/img_dataset2/RETOUCH-TrainingSet-Spectralis/imgs_IRF/TRAIN029_20.png,/storage/workspaces/artorg_aimi/ws_00000/Negin/RETOUCH/img_dataset2/RETOUCH-TrainingSet-Spectralis/IRF/TRAIN029_20.png
70,/storage/workspaces/artorg_aimi/ws_00000/Negin/RETOUCH/img_dataset2/RETOUCH-TrainingSet-Spectralis/imgs_IRF/TRAIN027_30.png,/storage/workspaces/artorg_aimi/ws_00000/Negin/RETOUCH/img_dataset2/RETOUCH-TrainingSet-Spectralis/IRF/TRAIN027_30.png
71,/storage/workspaces/artorg_aimi/ws_00000/Negin/RETOUCH/img_dataset2/RETOUCH-TrainingSet-Spectralis/imgs_IRF/TRAIN027_23.png,/storage/workspaces/artorg_aimi/ws_00000/Negin/RETOUCH/img_dataset2/RETOUCH-TrainingSet-Spectralis/IRF/TRAIN027_23.png
72,/storage/workspaces/artorg_aimi/ws_00000/Negin/RETOUCH/img_dataset2/RETOUCH-TrainingSet-Spectralis/imgs_IRF/TRAIN027_12.png,/storage/workspaces/artorg_aimi/ws_00000/Negin/RETOUCH/img_dataset2/RETOUCH-TrainingSet-Spectralis/IRF/TRAIN027_12.png
73,/storage/workspaces/artorg_aimi/ws_00000/Negin/RETOUCH/img_dataset2/RETOUCH-TrainingSet-Spectralis/imgs_IRF/TRAIN027_36.png,/storage/workspaces/artorg_aimi/ws_00000/Negin/RETOUCH/img_dataset2/RETOUCH-TrainingSet-Spectralis/IRF/TRAIN027_36.png
74,/storage/workspaces/artorg_aimi/ws_00000/Negin/RETOUCH/img_dataset2/RETOUCH-TrainingSet-Spectralis/imgs_IRF/TRAIN030_31.png,/storage/workspaces/artorg_aimi/ws_00000/Negin/RETOUCH/img_dataset2/RETOUCH-TrainingSet-Spectralis/IRF/TRAIN030_31.png
75,/storage/workspaces/artorg_aimi/ws_00000/Negin/RETOUCH/img_dataset2/RETOUCH-TrainingSet-Spectralis/imgs_IRF/TRAIN027_20.png,/storage/workspaces/artorg_aimi/ws_00000/Negin/RETOUCH/img_dataset2/RETOUCH-TrainingSet-Spectralis/IRF/TRAIN027_20.png
76,/storage/workspaces/artorg_aimi/ws_00000/Negin/RETOUCH/img_dataset2/RETOUCH-TrainingSet-Spectralis/imgs_IRF/TRAIN027_19.png,/storage/workspaces/artorg_aimi/ws_00000/Negin/RETOUCH/img_dataset2/RETOUCH-TrainingSet-Spectralis/IRF/TRAIN027_19.png
77,/storage/workspaces/artorg_aimi/ws_00000/Negin/RETOUCH/img_dataset2/RETOUCH-TrainingSet-Spectralis/imgs_IRF/TRAIN025_14.png,/storage/workspaces/artorg_aimi/ws_00000/Negin/RETOUCH/img_dataset2/RETOUCH-TrainingSet-Spectralis/IRF/TRAIN025_14.png
78,/storage/workspaces/artorg_aimi/ws_00000/Negin/RETOUCH/img_dataset2/RETOUCH-TrainingSet-Spectralis/imgs_IRF/TRAIN027_27.png,/storage/workspaces/artorg_aimi/ws_00000/Negin/RETOUCH/img_dataset2/RETOUCH-TrainingSet-Spectralis/IRF/TRAIN027_27.png
79,/storage/workspaces/artorg_aimi/ws_00000/Negin/RETOUCH/img_dataset2/RETOUCH-TrainingSet-Spectralis/imgs_IRF/TRAIN025_25.png,/storage/workspaces/artorg_aimi/ws_00000/Negin/RETOUCH/img_dataset2/RETOUCH-TrainingSet-Spectralis/IRF/TRAIN025_25.png
80,/storage/workspaces/artorg_aimi/ws_00000/Negin/RETOUCH/img_dataset2/RETOUCH-TrainingSet-Spectralis/imgs_IRF/TRAIN029_19.png,/storage/workspaces/artorg_aimi/ws_00000/Negin/RETOUCH/img_dataset2/RETOUCH-TrainingSet-Spectralis/IRF/TRAIN029_19.png
81,/storage/workspaces/artorg_aimi/ws_00000/Negin/RETOUCH/img_dataset2/RETOUCH-TrainingSet-Spectralis/imgs_IRF/TRAIN025_27.png,/storage/workspaces/artorg_aimi/ws_00000/Negin/RETOUCH/img_dataset2/RETOUCH-TrainingSet-Spectralis/IRF/TRAIN025_27.png
82,/storage/workspaces/artorg_aimi/ws_00000/Negin/RETOUCH/img_dataset2/RETOUCH-TrainingSet-Spectralis/imgs_IRF/TRAIN025_9.png,/storage/workspaces/artorg_aimi/ws_00000/Negin/RETOUCH/img_dataset2/RETOUCH-TrainingSet-Spectralis/IRF/TRAIN025_9.png
83,/storage/workspaces/artorg_aimi/ws_00000/Negin/RETOUCH/img_dataset2/RETOUCH-TrainingSet-Spectralis/imgs_IRF/TRAIN029_21.png,/storage/workspaces/artorg_aimi/ws_00000/Negin/RETOUCH/img_dataset2/RETOUCH-TrainingSet-Spectralis/IRF/TRAIN029_21.png
84,/storage/workspaces/artorg_aimi/ws_00000/Negin/RETOUCH/img_dataset2/RETOUCH-TrainingSet-Spectralis/imgs_IRF/TRAIN025_28.png,/storage/workspaces/artorg_aimi/ws_00000/Negin/RETOUCH/img_dataset2/RETOUCH-TrainingSet-Spectralis/IRF/TRAIN025_28.png
85,/storage/workspaces/artorg_aimi/ws_00000/Negin/RETOUCH/img_dataset2/RETOUCH-TrainingSet-Spectralis/imgs_IRF/TRAIN027_25.png,/storage/workspaces/artorg_aimi/ws_00000/Negin/RETOUCH/img_dataset2/RETOUCH-TrainingSet-Spectralis/IRF/TRAIN027_25.png
86,/storage/workspaces/artorg_aimi/ws_00000/Negin/RETOUCH/img_dataset2/RETOUCH-TrainingSet-Spectralis/imgs_IRF/TRAIN030_20.png,/storage/workspaces/artorg_aimi/ws_00000/Negin/RETOUCH/img_dataset2/RETOUCH-TrainingSet-Spectralis/IRF/TRAIN030_20.png
87,/storage/workspaces/artorg_aimi/ws_00000/Negin/RETOUCH/img_dataset2/RETOUCH-TrainingSet-Spectralis/imgs_IRF/TRAIN030_33.png,/storage/workspaces/artorg_aimi/ws_00000/Negin/RETOUCH/img_dataset2/RETOUCH-TrainingSet-Spectralis/IRF/TRAIN030_33.png
88,/storage/workspaces/artorg_aimi/ws_00000/Negin/RETOUCH/img_dataset2/RETOUCH-TrainingSet-Spectralis/imgs_IRF/TRAIN027_28.png,/storage/workspaces/artorg_aimi/ws_00000/Negin/RETOUCH/img_dataset2/RETOUCH-TrainingSet-Spectralis/IRF/TRAIN027_28.png
89,/storage/workspaces/artorg_aimi/ws_00000/Negin/RETOUCH/img_dataset2/RETOUCH-TrainingSet-Spectralis/imgs_IRF/TRAIN030_29.png,/storage/workspaces/artorg_aimi/ws_00000/Negin/RETOUCH/img_dataset2/RETOUCH-TrainingSet-Spectralis/IRF/TRAIN030_29.png
90,/storage/workspaces/artorg_aimi/ws_00000/Negin/RETOUCH/img_dataset2/RETOUCH-TrainingSet-Spectralis/imgs_IRF/TRAIN030_34.png,/storage/workspaces/artorg_aimi/ws_00000/Negin/RETOUCH/img_dataset2/RETOUCH-TrainingSet-Spectralis/IRF/TRAIN030_34.png
91,/storage/workspaces/artorg_aimi/ws_00000/Negin/RETOUCH/img_dataset2/RETOUCH-TrainingSet-Spectralis/imgs_IRF/TRAIN025_34.png,/storage/workspaces/artorg_aimi/ws_00000/Negin/RETOUCH/img_dataset2/RETOUCH-TrainingSet-Spectralis/IRF/TRAIN025_34.png
92,/storage/workspaces/artorg_aimi/ws_00000/Negin/RETOUCH/img_dataset2/RETOUCH-TrainingSet-Spectralis/imgs_IRF/TRAIN030_27.png,/storage/workspaces/artorg_aimi/ws_00000/Negin/RETOUCH/img_dataset2/RETOUCH-TrainingSet-Spectralis/IRF/TRAIN030_27.png
93,/storage/workspaces/artorg_aimi/ws_00000/Negin/RETOUCH/img_dataset2/RETOUCH-TrainingSet-Spectralis/imgs_IRF/TRAIN025_35.png,/storage/workspaces/artorg_aimi/ws_00000/Negin/RETOUCH/img_dataset2/RETOUCH-TrainingSet-Spectralis/IRF/TRAIN025_35.png
94,/storage/workspaces/artorg_aimi/ws_00000/Negin/RETOUCH/img_dataset2/RETOUCH-TrainingSet-Spectralis/imgs_IRF/TRAIN025_21.png,/storage/workspaces/artorg_aimi/ws_00000/Negin/RETOUCH/img_dataset2/RETOUCH-TrainingSet-Spectralis/IRF/TRAIN025_21.png
95,/storage/workspaces/artorg_aimi/ws_00000/Negin/RETOUCH/img_dataset2/RETOUCH-TrainingSet-Spectralis/imgs_IRF/TRAIN025_12.png,/storage/workspaces/artorg_aimi/ws_00000/Negin/RETOUCH/img_dataset2/RETOUCH-TrainingSet-Spectralis/IRF/TRAIN025_12.png
